hHostNameFinal,hHostNameIUCN,hHostNameIUCN_spatial,hHostNameST,hFamily,Synonyms,hIUCNstatus,IUCNmap,Diet,area_sqm,area_sqkm,hMassGrams,PVRST_resid_Mass,cave_status,roosting_behavior,roosting_reference,PubMed_hits,s_PMpublications,PubMedtotal,n_virus_str,n_virus_sera,n_virus_total,prop_virus_str_total,sympatric_species,str_sympatric_species,n_coroosters,sharedhosts,sharedhosts_str
Rhynchonycteris_naso,Rhynchonycteris_naso,Rhynchonycteris_naso,Rhynchonycteris_naso,EMBALLONURIDAE,NA,LC,YES,Insectivore,1.16E+13,11580061.2,4.14,-1.70707605,facultative,cave_roosting,"1,71",4,0,4,0,1,1,0,73,NA,NA,12,0
Saccolaimus_saccolaimus,Saccolaimus_saccolaimus,Saccolaimus_saccolaimus,Saccolaimus_saccolaimus,EMBALLONURIDAE,Saccoliamus pluto  |Taphozous crassus  |Taphozous pulcher  |Taphozous saccolaimus  |Taphozous saccolaimus subspecies crassus,LC,YES,Insectivore,1.96E+12,1956664.48,43,0.635918492,facultative,cave_roosting,1,0,0,0,1,0,1,1,53,40,NA,5,5
Taphozous_melanopogon,Taphozous_melanopogon,Taphozous_melanopogon,Taphozous_melanopogon,EMBALLONURIDAE,Taphozous bicolor  |Taphozous phillipenensis  |Taphozous solifer,LC,YES,Insectivore,5.65E+12,5654376.802,25.99,0.132182082,facultative,cave_roosting,"1,78",16,0,16,3,3,6,0.5,55,44,8,31,13
Taphozous_perforatus,Taphozous_perforatus,Taphozous_perforatus,Taphozous_perforatus,EMBALLONURIDAE,NA,LC,YES,Insectivore,2.13E+12,2125752.63,24.43,0.070282119,facultative,cave_roosting,77,5,0,5,2,0,2,1,47,41,1,5,5
Hipposideros_abae,Hipposideros_abae,Hipposideros_abae,Hipposideros_abae,HIPPOSIDERIDAE,NA,LC,YES,Insectivore,2.34E+12,2339139.962,31.87,0.822282985,facultative,cave_roosting,155,1,0,1,1,0,1,1,19,18,NA,5,5
Hipposideros_armiger,Hipposideros_armiger,Hipposideros_armiger,Hipposideros_armiger,HIPPOSIDERIDAE,Rhinolophus armiger,LC,YES,Insectivore,4.50E+12,4496220.032,49.99,1.272899939,facultative,cave_roosting,1,28,0,28,2,1,3,0.666666667,49,40,7,23,15
Hipposideros_bicolor,Hipposideros_bicolor,Hipposideros_bicolor,Hipposideros_bicolor,HIPPOSIDERIDAE,NA,LC,YES,Insectivore,1.59E+12,1594983.555,8.39,-0.512341622,facultative,cave_roosting,126,4,0,4,0,1,1,0,33,NA,6,14,0
Hipposideros_caffer,Hipposideros_caffer,Hipposideros_caffer,Hipposideros_caffer,HIPPOSIDERIDAE,NA,LC,YES,Insectivore,6.39E+12,6386609.034,9.46,-0.39230976,facultative,cave_roosting,"1,43",7,0,7,3,0,3,1,32,30,2,10,10
Hipposideros_cineraceus,Hipposideros_cineraceus,Hipposideros_cineraceus,Hipposideros_cineraceus,HIPPOSIDERIDAE,Hipposideros cineraceus subspecies micropus|Phyllorhina micropus,LC,YES,Insectivore,2.21E+12,2214839.194,3.84,-1.293909776,facultative,cave_roosting,123,0,0,0,0,1,1,0,50,NA,NA,14,0
Hipposideros_commersoni,Hipposideros_commersoni,Hipposideros_commersoni,Hipposideros_commersoni,HIPPOSIDERIDAE,,NT,YES,Insectivore,5.16E+11,515545.3718,94.4,1.908618026,facultative,cave_roosting,1,6,0,6,1,0,1,1,,NA,NA,1,
Hipposideros_diadema,Hipposideros_diadema,Hipposideros_diadema,Hipposideros_diadema,HIPPOSIDERIDAE,Hipposideros nicobarensis  |Phyllorhina nicobarensis  |Rhinolophus diadema,LC,YES,Insectivore,3.34E+12,3340330.569,46.9,1.209094629,facultative,cave_roosting,1,4,0,4,1,0,1,1,48,35,10,12,12
Hipposideros_lankadiva,Hipposideros_lankadiva,Hipposideros_lankadiva,Hipposideros_lankadiva,HIPPOSIDERIDAE,Hipposideros indus  |Hipposideros indus subspecies mixtus|Hipposideros indus subspecies unitus|Hipposideros lankadiva subspecies mixtus|Hipposideros lankadiva subspecies unitus|Hipposideros schistaceus,LC,YES,Insectivore,7.16E+11,716349.255,44.76,1.162391837,facultative,cave_roosting,1,2,0,2,0,1,1,0,33,NA,NA,4,0
Hipposideros_larvatus,Hipposideros_larvatus,Hipposideros_larvatus,Hipposideros_larvatus,HIPPOSIDERIDAE,Phyllorhina leptophylla  |Rhinolophus larvatus,LC,YES,Insectivore,3.31E+12,3306719.433,19.95,0.354306096,facultative,cave_roosting,1,8,0,8,1,0,1,1,47,39,1,6,6
Hipposideros_pomona,Hipposideros_pomona,Hipposideros_pomona,Hipposideros_pomona,HIPPOSIDERIDAE,NA,LC,YES,Insectivore,2.86E+12,2855362.367,6.2,-0.814832851,facultative,cave_roosting,123,10,0,10,0,3,3,0,49,NA,NA,31,0
Hipposideros_ruber,Hipposideros_ruber,Hipposideros_ruber,Hipposideros_ruber,HIPPOSIDERIDAE,,LC,YES,Insectivore,9.12E+12,9119258.825,10.6,-0.278528142,facultative,cave_roosting,1,3,0,3,1,0,1,1,23,22,NA,1,1
Hipposideros_speoris,Hipposideros_speoris,Hipposideros_speoris,Hipposideros_speoris,HIPPOSIDERIDAE,Hipposideros apiculatus  |Hipposideros aureus  |Hipposideros blythi  |Hipposideros penicillatus  |Hipposideros speoris subspecies pulchellus|Hipposideros templetonii  |Rhinolophus dukhunensis  |Vespertilio speoris,LC,YES,Insectivore,1.23E+12,1231460.465,10.39,-0.298538338,facultative,cave_roosting,1,9,0,9,0,2,2,0,30,NA,NA,18,0
Megaderma_lyra,Megaderma_lyra,Megaderma_lyra,Megaderma_lyra,MEGADERMATIDAE,Encheira lyra subspecies caurina|Megaderma lyra subspecies caurina|Megaderma schistacea  |Megaderma spectrum  |Vespertilio carnatica,LC,YES,Other,6.07E+12,6070972.86,39.27,0.682457235,facultative,cave_roosting,1,32,0,32,0,2,2,0,55,NA,NA,17,0
Miniopterus_inflatus,Miniopterus_inflatus,Miniopterus_inflatus,Miniopterus_inflatus,MINIOPTERIDAE,Miniopterus africanus,LC,NO,Insectivore,NA,NA,14.9,-0.082173898,facultative,cave_roosting,167,5,0,5,1,0,1,1,NA,NA,NA,2,2
Miniopterus_pusillus,Miniopterus_pusillus,Miniopterus_pusillus,Miniopterus_pusillus,MINIOPTERIDAE,,LC,NO,Insectivore,NA,NA,NA,NA,facultative,cave_roosting,"1,127",5,0,5,2,0,2,1,NA,NA,1,4,4
Miniopterus_schreibersii,Miniopterus_schreibersii,Miniopterus_schreibersii,Miniopterus_schreibersii,MINIOPTERIDAE,NA,NT,NO,Insectivore,NA,NA,11.46,-0.3446724,facultative,cave_roosting,1,73,0,73,10,5,15,0.666666667,NA,NA,8,45,31
Eumops_perotis,Eumops_perotis,Eumops_perotis,Eumops_perotis,MOLOSSIDAE,NA,LC,YES,Insectivore,1.18E+13,11759519.21,50.97,1.159247361,facultative,cave_roosting,"1,36",6,0,6,1,0,1,1,79,55,NA,60,60
Molossus_molossus,Molossus_molossus,Molossus_molossus,Molossus_molossus,MOLOSSIDAE,NA,LC,YES,Insectivore,1.59E+13,15860602.76,13.7,-0.15834373,facultative,cave_roosting,120,73,0,73,2,5,7,0.285714286,86,55,1,81,60
Molossus_rufus,Molossus_rufus,Molossus_rufus,Molossus_rufus,MOLOSSIDAE,Molossus ater,LC,YES,Insectivore,1.49E+13,14887038.65,13.7,-0.15834373,facultative,cave_roosting,120,11,18,29,2,7,9,0.222222222,82,51,NA,79,60
Nyctinomops_laticaudatus,Nyctinomops_laticaudatus,Nyctinomops_laticaudatus,Nyctinomops_laticaudatus,MOLOSSIDAE,Tadarida espiritosantensis | tadarida laticaudata,LC,YES,Insectivore,1.32E+13,13179550.7,13.12,-0.200430472,facultative,cave_roosting,"1,66",12,0,12,1,0,1,1,82,51,6,60,60
Nyctinomops_macrotis,Nyctinomops_macrotis,Nyctinomops_macrotis,Nyctinomops_macrotis,MOLOSSIDAE,NA,LC,YES,Insectivore,1.58E+13,15830748.61,16.38,0.021492823,facultative,cave_roosting,"1,67",8,0,8,1,0,1,1,88,57,NA,60,60
Tadarida_brasiliensis,Tadarida_brasiliensis,Tadarida_brasiliensis,Tadarida_brasiliensis,MOLOSSIDAE,NA,LC,YES,Insectivore,1.39E+13,13890163.99,12.61,-0.241486852,facultative,cave_roosting,27,139,0,139,3,2,5,0.6,94,62,7,72,60
Tadarida_condylura,Mops_condylurus,Mops_condylurus,Mops_condylurus,MOLOSSIDAE,Mops angolensis  |Mops condylurus  |Mops fulva  |Mops occidentalis  |Mops orientis  |Mops osborni  |Mops wonderi,LC,YES,Insectivore,9.18E+12,9178860.513,26.59,0.507287588,facultative,cave_roosting,136,5,8,13,3,5,8,0.375,23,22,NA,32,4
Tadarida_plicata,Chaerephon_plicatus,Chaerephon_plicatus,Chaerephon_plicatus,MOLOSSIDAE,Chaerephon luzonus  |Chaerephon plicata  |Chaerephon plicatus  |Dysopes murinus  |Nyctinomus bengalensis  |Tadarida plicata subspecies insularis|Vespertilio plicatus,LC,YES,Insectivore,2.48E+12,2477230.913,21.83,0.310075878,facultative,cave_roosting,114,0,5,5,2,0,2,1,50,41,2,14,14
Tadarida_teniotis,Tadarida_teniotis,Tadarida_teniotis,Tadarida_teniotis,MOLOSSIDAE,NA,LC,YES,Insectivore,3.90E+12,3904348.474,28.07,0.558724388,facultative,cave_roosting,79,8,0,8,0,1,1,0,49,NA,NA,NA,NA
Mormoops_megalophylla,Mormoops_megalophylla,Mormoops_megalophylla,Mormoops_megalophylla,MORMOOPIDAE,NA,LC,YES,Insectivore,3.76E+12,3758153.621,16.09,-0.227391499,facultative,cave_roosting,"20,29 ",9,0,9,0,3,3,0,81,NA,6,36,0
Pteronotus_davyi,Pteronotus_davyi,Pteronotus_davyi,Pteronotus_davyi,MORMOOPIDAE,Pteronotus davyi subspecies calvus|Pteronotus davyi subspecies fulvus|Pteronotus davyi subspecies incae,LC,YES,Insectivore,3.49E+12,3492894.345,9.52,-0.752196173,facultative,cave_roosting,20,2,0,2,1,6,7,0.142857143,80,52,2,82,60
Pteronotus_parnellii,Pteronotus_parnellii,Pteronotus_parnellii,Pteronotus_parnellii,MORMOOPIDAE,Pteronotus parnellii subspecies fuscus|Pteronotus parnellii subspecies gonavensis|Pteronotus parnellii subspecies mesoamericanus|Pteronotus parnellii subspecies mexicanus|Pteronotus parnellii subspecies portoricensis|Pteronotus parnellii subspecies pusillus|Pteronotus parnellii subspecies rubiginosus,LC,YES,Insectivore,2.02E+11,201571.8078,19.59,-0.03057179,facultative,cave_roosting,"1,17",133,0,133,1,7,8,0.125,10,9,13,47,0
Noctilio_leporinus,Noctilio_leporinus,Noctilio_leporinus,Noctilio_leporinus,NOCTILIONIDAE,,LC,YES,Other,1.47E+13,14713604.25,60.3,1.106594235,facultative,cave_roosting,"20,60",13,0,13,0,1,1,0,82,NA,4,16,0
Nycteris_gambiensis,Nycteris_gambiensis,Nycteris_gambiensis,Nycteris_gambiensis,NYCTERIDAE,NA,LC,YES,Insectivore,1.87E+12,1872555.947,7.13,-1.009341846,facultative,cave_roosting,1,0,0,0,3,0,3,1,17,16,NA,6,6
Nycteris_nana,Nycteris_nana,Nycteris_nana,Nycteris_nana,NYCTERIDAE,NA,LC,YES,Insectivore,2.96E+12,2957305.869,6.98,-1.031756492,facultative,cave_roosting,201,0,0,0,1,0,1,1,22,21,NA,1,1
Nycteris_thebaica,Nycteris_thebaica,Nycteris_thebaica,Nycteris_thebaica,NYCTERIDAE,NA,LC,YES,Insectivore,1.45E+13,14480939.54,9.2,-0.754449597,facultative,cave_roosting,"1,64",7,0,7,1,0,1,1,34,32,6,3,3
Anoura_geoffroyi,Anoura_geoffroyi,Anoura_geoffroyi,Anoura_geoffroyi,PHYLLOSTOMIDAE,NA,LC,YES,Other,8.26E+12,8255784.987,15.15,-0.319848756,facultative,cave_roosting,1,12,0,12,0,8,8,0,83,NA,NA,30,0
Artibeus_fimbriatus,Artibeus_fimbriatus,Artibeus_fimbriatus,Artibeus_fimbriatus,PHYLLOSTOMIDAE,NA,LC,YES,Frugivore,1.49E+12,1486463.305,63.89,1.107080153,facultative,cave_roosting,116,4,0,4,1,0,1,1,49,32,NA,60,60
Artibeus_jamaicensis,Artibeus_jamaicensis,Artibeus_jamaicensis,Artibeus_jamaicensis,PHYLLOSTOMIDAE,NA,LC,YES,Frugivore,1.57E+12,1568702.141,43.63,0.725469185,facultative,cave_roosting,"1,3,20",79,0,79,4,11,15,0.266666667,74,49,12,92,64
Artibeus_lituratus,Artibeus_lituratus,Artibeus_lituratus,Artibeus_lituratus,PHYLLOSTOMIDAE,Artibeus intermedius,LC,YES,Frugivore,1.43E+13,14320981.05,59.3,1.032333503,facultative,cave_roosting,205,70,2,72,3,15,18,0.166666667,82,51,1,85,61
Artibeus_toltecus,Dermanura_tolteca,Dermanura_tolteca,Artibeus_toltecus,PHYLLOSTOMIDAE,Dermanura tolteca,LC,YES,Frugivore,8.54E+11,853779.493,15.47,-0.310413593,facultative,cave_roosting,41,1,0,1,1,1,2,0.5,65,45,NA,16,2
Carollia_brevicauda,Carollia_brevicauda,Carollia_brevicauda,Carollia_brevicauda,PHYLLOSTOMIDAE,NA,LC,YES,Frugivore,1.08E+13,10816989.02,14.85,-0.343260744,facultative,cave_roosting,20,13,0,13,1,2,3,0.333333333,63,38,NA,22,4
Carollia_perspicillata,Carollia_perspicillata,Carollia_perspicillata,Carollia_perspicillata,PHYLLOSTOMIDAE,NA,LC,YES,Other,1.39E+13,13880151.82,19.23,-0.08478905,facultative,cave_roosting,"5,20",140,0,140,2,13,15,0.133333333,78,47,13,86,62
Carollia_subrufa,Carollia_subrufa,Carollia_subrufa,Carollia_subrufa,PHYLLOSTOMIDAE,NA,LC,YES,Frugivore,2.14E+11,213512.8336,15.84,-0.278722223,facultative,cave_roosting,1,0,0,0,0,1,1,0,48,NA,1,8,0
Chrotopterus_auritus,Chrotopterus_auritus,Chrotopterus_auritus,Chrotopterus_auritus,PHYLLOSTOMIDAE,NA,LC,YES,Other,1.32E+13,13196166.37,78.26,1.326042038,facultative,cave_roosting,1,4,0,4,1,0,1,1,74,44,3,60,60
Desmodus_rotundus,Desmodus_rotundus,Desmodus_rotundus,Desmodus_rotundus,PHYLLOSTOMIDAE,NA,LC,YES,Other,1.78E+13,17828441.43,33.16,0.473653417,facultative,cave_roosting,"1,4",292,0,292,2,7,9,0.222222222,85,54,14,82,62
Diaemus_youngi,Diaemus_youngi,Diaemus_youngi,Diaemus_youngi,PHYLLOSTOMIDAE,NA,LC,YES,Other,1.31E+13,13137916.96,36.71,0.575358285,facultative,cave_roosting,19,11,0,11,1,0,1,1,80,50,8,60,60
Diphylla_ecaudata,Diphylla_ecaudata,Diphylla_ecaudata,Diphylla_ecaudata,PHYLLOSTOMIDAE,NA,LC,YES,Other,8.14E+12,8141079.454,28.11,0.308812848,facultative,cave_roosting,"1,7",15,0,15,1,0,1,1,84,53,11,60,60
Glossophaga_commissarisi,Glossophaga_commissarisi,Glossophaga_commissarisi,Glossophaga_commissarisi,PHYLLOSTOMIDAE,NA,LC,YES,Other,3.74E+12,3739281.978,9.15,-0.825680613,facultative,cave_roosting,1,7,0,7,0,1,1,0,75,NA,NA,8,0
Glossophaga_longirostris,Glossophaga_longirostris,Glossophaga_longirostris,Glossophaga_longirostris,PHYLLOSTOMIDAE,NA,DD,YES,Frugivore,1.58E+12,1580866.974,13.32,-0.450235329,facultative,cave_roosting,35,4,0,4,0,1,1,0,57,NA,1,21,0
Glossophaga_morenoi,Glossophaga_morenoi,Glossophaga_morenoi,Glossophaga_morenoi,PHYLLOSTOMIDAE,NA,LC,YES,Frugivore,3.29E+11,328852.423,8.54,-0.894740986,facultative,cave_roosting,1,0,0,0,0,1,1,0,49,NA,NA,21,0
Glossophaga_soricina,Glossophaga_soricina,Glossophaga_soricina,Glossophaga_soricina,PHYLLOSTOMIDAE,NA,LC,YES,Other,1.49E+13,14948577.34,9.97,-0.739853909,facultative,cave_roosting,8,96,0,96,1,9,10,0.1,85,54,13,55,4
Leptonycteris_curasoae,Leptonycteris_curasoae,Leptonycteris_curasoae,Leptonycteris_curasoae,PHYLLOSTOMIDAE,NA,VU,YES,Frugivore,8.46E+11,846155.4312,25.27,0.190938868,facultative,cave_roosting,10,19,0,19,0,1,1,0,57,NA,11,21,0
Leptonycteris_nivalis,Leptonycteris_nivalis,Leptonycteris_nivalis,Leptonycteris_nivalis,PHYLLOSTOMIDAE,NA,EN,YES,Frugivore,9.55E+11,954548.7028,24.26,0.15014985,facultative,cave_roosting,9,5,0,5,1,0,1,1,55,41,1,60,60
Lonchophylla_robusta,Lonchophylla_robusta,Lonchophylla_robusta,Lonchophylla_robusta,PHYLLOSTOMIDAE,NA,LC,YES,Frugivore,1.12E+12,1123762.017,13.72,-0.417654559,facultative,cave_roosting,116,0,0,0,0,2,2,0,59,NA,NA,8,0
Macrotus_californicus,Macrotus_californicus,Macrotus_californicus,Macrotus_californicus,PHYLLOSTOMIDAE,NA,LC,YES,Insectivore,6.46E+11,645626.5814,11.83,-0.562408575,facultative,cave_roosting,"1,132",15,0,15,1,0,1,1,42,35,NA,60,60
Micronycteris_megalotis,Micronycteris_megalotis,Micronycteris_megalotis,Micronycteris_megalotis,PHYLLOSTOMIDAE,NA,LC,YES,Frugivore,1.22E+13,12169740.73,6.4,-1.176749263,facultative,cave_roosting,12,1,0,1,0,1,1,0,64,NA,13,21,0
Phyllostomus_discolor,Phyllostomus_discolor,Phyllostomus_discolor,Phyllostomus_discolor,PHYLLOSTOMIDAE,NA,LC,YES,Other,1.26E+13,12576086.44,36.7,0.567621317,facultative,cave_roosting,"1,120",63,0,63,0,3,3,0,73,NA,NA,23,0
Phyllostomus_hastatus,Phyllostomus_hastatus,Phyllostomus_hastatus,Phyllostomus_hastatus,PHYLLOSTOMIDAE,NA,LC,YES,Other,1.27E+13,12708435.08,91.44,1.480527581,facultative,cave_roosting,"1,68",41,0,41,2,11,13,0.153846154,68,41,7,78,60
Platyrrhinus_helleri,Platyrrhinus_helleri,Platyrrhinus_helleri,Platyrrhinus_helleri,PHYLLOSTOMIDAE,NA,LC,YES,Frugivore,1.01E+13,10081565.79,13.44,-0.449415631,facultative,cave_roosting,20,2,0,2,0,4,4,0,75,NA,NA,25,0
Platyrrhinus_lineatus,Platyrrhinus_lineatus,Platyrrhinus_lineatus,Platyrrhinus_lineatus,PHYLLOSTOMIDAE,NA,LC,YES,Frugivore,5.84E+12,5839645.142,24.34,0.144470121,facultative,cave_roosting,116,15,0,15,1,0,1,1,63,37,1,60,60
Sturnira_lilium,Sturnira_lilium,Sturnira_lilium,Sturnira_lilium,PHYLLOSTOMIDAE,NA,LC,YES,Frugivore,1.54E+13,15378886.13,20.19,-0.039735628,facultative,cave_roosting,"1,73",40,0,40,2,10,12,0.166666667,85,54,1,59,1
Sturnira_ludovici,Sturnira_ludovici,Sturnira_ludovici,Sturnira_ludovici,PHYLLOSTOMIDAE,NA,LC,YES,Frugivore,1.22E+12,1224252.438,21,-0.000468106,facultative,cave_roosting,138,2,0,2,0,1,1,0,57,NA,NA,8,0
Tonatia_bidens,Tonatia_bidens,Tonatia_bidens,Tonatia_bidens,PHYLLOSTOMIDAE,NA,DD,YES,Insectivore,2.01E+12,2005439.987,27.7,0.286320647,facultative,cave_roosting,113,0,0,0,0,1,1,0,50,NA,1,5,0
Cynopterus_brachyotis,Cynopterus_brachyotis,Cynopterus_brachyotis,Cynopterus_brachyotis,PTEROPODIDAE,Cynopterus brachysoma  |Cynopterus marginatus variety andamanensis|Cynopterus marginatus variety ceylonensis|Pachysoma brachyotis,LC,YES,Frugivore,2.72E+12,2715326.71,33.87,-1.489574089,facultative,cave_roosting,18,34,0,34,6,2,8,0.75,47,38,2,85,76
Cynopterus_sphinx,Cynopterus_sphinx,Cynopterus_sphinx,Cynopterus_sphinx,PTEROPODIDAE,Cynopterus angulatus  |Cynopterus brachyotis subspecies angulatus|Cynopterus brachyotis variety scherzeri|Cynopterus marginatus variety ellitoi|Cynopterus sphnx subspecies gangeticus|Pachysoma brevicaudatum  |Pteropus marginatus  |Pteropus pusillus  |Vespertilio fibulatus  |Vespertilio sphinx,LC,YES,Frugivore,6.49E+12,6489257.556,44.71,-1.211906566,facultative,cave_roosting,1,57,0,57,2,6,8,0.25,52,42,NA,35,9
Dobsonia_anderseni,Dobsonia_anderseni,Dobsonia_anderseni,Dobsonia_anderseni,PTEROPODIDAE,NA,LC,YES,Frugivore,46835546540,46835.54654,233.99,0.382046708,facultative,cave_roosting,150,0,0,0,0,1,1,0,10,NA,NA,8,0
Dobsonia_moluccensis,Dobsonia_moluccensis,Dobsonia_moluccensis,Dobsonia_moluccensis,PTEROPODIDAE,Dobsonia magma,LC,YES,Frugivore,40050548785,40050.54879,447.64,1.030757667,facultative,cave_roosting,1,2,0,2,0,1,1,0,12,NA,NA,8,0
Eidolon_dupreanum,Eidolon_dupreanum,Eidolon_dupreanum,Eidolon_dupreanum,PTEROPODIDAE,NA,VU,YES,Frugivore,4.62E+11,461986.7672,297.58,0.500454994,facultative,cave_roosting,"1,30",6,0,6,0,2,2,0,4,NA,NA,18,0
Rousettus_aegyptiacus,Rousettus_aegyptiacus,Rousettus_aegyptiacus,Rousettus_aegyptiacus,PTEROPODIDAE,Rousettus egyptiacus  |Rousettus egyptiacus  |Rousettus egyptiacus,LC,YES,Frugivore,4.09E+12,4094543.152,134,-0.329178943,facultative,cave_roosting,72,132,0,132,9,2,11,0.818181818,35,33,2,40,30
Rousettus_amplexicaudatus,Rousettus_amplexicaudatus,Rousettus_amplexicaudatus,Rousettus_amplexicaudatus,PTEROPODIDAE,NA,LC,YES,Frugivore,4.31E+12,4308473.157,74.37,-0.917966108,facultative,cave_roosting,1,6,0,6,1,2,3,0.333333333,51,39,5,15,3
Rousettus_leschenaultii,Rousettus_leschenaultii,Rousettus_leschenaultii,Rousettus_leschenaultii,PTEROPODIDAE,Eleutherura fusca  |Pteropus leschenaultii  |Rousettus affinis  |Rousettus fuliginosa  |Rousettus fusca  |Rousettus infuscata  |Rousettus leschenaulti  |Rousettus marginatus  |Rousettus pirivarus  |Rousettus pyrivorus  |Rousettus seminudus  |Rousettus shortridgei  |Xantharpyia seminuda,LC,YES,Frugivore,6.80E+12,6798300.838,84.88,-0.785780249,facultative,cave_roosting,1,10,26,36,6,7,13,0.461538462,55,45,NA,54,19
Rousettus_madagascariensis,Rousettus_madagascariensis,Rousettus_madagascariensis,Rousettus_madagascariensis,PTEROPODIDAE,NA,NT,YES,Frugivore,2.94E+11,294388.6074,65.72,-1.04161545,facultative,cave_roosting,1,4,0,4,0,1,1,0,4,NA,3,1,0
Rhinolophus_blasii,Rhinolophus_blasii,Rhinolophus_blasii,Rhinolophus_blasii,RHINOLOPHIDAE,NA,LC,YES,Insectivore,3.42E+12,3420945.17,10.29,0.018265502,facultative,cave_roosting,133,3,0,3,1,0,1,1,42,37,1,7,7
Rhinolophus_eloquens,Rhinolophus_eloquens,Rhinolophus_eloquens,Rhinolophus_eloquens,RHINOLOPHIDAE,Rhinolophus eloquens subspecies perautitus,LC,YES,Insectivore,7.17E+11,716779.7133,19.15,0.639395668,facultative,cave_roosting,143,0,0,0,2,0,2,1,21,20,NA,3,3
Rhinolophus_euryale,Rhinolophus_euryale,Rhinolophus_euryale,Rhinolophus_euryale,RHINOLOPHIDAE,NA,NT,YES,Insectivore,3.00E+12,2996521.236,9.25,-0.085903208,facultative,cave_roosting,1,3,0,3,1,0,1,1,22,21,1,7,7
Rhinolophus_ferrumequinum,Rhinolophus_ferrumequinum,Rhinolophus_ferrumequinum,Rhinolophus_ferrumequinum,RHINOLOPHIDAE,NA,LC,YES,Insectivore,9.77E+12,9766007.98,22.59,0.804600283,facultative,cave_roosting,1,96,0,96,6,2,8,0.75,60,51,2,61,28
Rhinolophus_hildebrandtii,Rhinolophus_hildebrandtii,Rhinolophus_hildebrandtii,Rhinolophus_hildebrandtii,RHINOLOPHIDAE,NA,LC,YES,Insectivore,3.20E+12,3203948.774,11.78181818,0.153650463,facultative,cave_roosting,"1,70",2,0,2,1,0,1,1,22,21,2,1,1
Rhinolophus_lepidus,Rhinolophus_lepidus,Rhinolophus_lepidus,Rhinolophus_lepidus,RHINOLOPHIDAE,NA,LC,YES,Insectivore,3.53E+12,3526223.416,5.46,-0.751148907,facultative,cave_roosting,133,2,0,2,1,0,1,1,51,41,NA,12,12
Rhinolophus_macrotis,Rhinolophus_macrotis,Rhinolophus_macrotis,Rhinolophus_macrotis,RHINOLOPHIDAE,NA,LC,YES,Insectivore,2.35E+12,2348803.747,6.18,-0.491588776,facultative,cave_roosting,1,4,0,4,1,0,1,1,52,42,3,7,7
Rhinolophus_mehelyi,Rhinolophus_mehelyi,Rhinolophus_mehelyi,Rhinolophus_mehelyi,RHINOLOPHIDAE,NA,VU,YES,Insectivore,1.98E+12,1981064.672,14.03,0.330671135,facultative,cave_roosting,122,5,0,5,1,0,1,1,21,20,NA,7,7
Rhinolophus_pusillus,Rhinolophus_pusillus,Rhinolophus_pusillus,Rhinolophus_pusillus,RHINOLOPHIDAE,Rhinolophus blythi  |Rhinolophus cornutus  |Rhinolophus cornutus subspecies blythi|Rhinolophus gracilis  |Rhinolophus imaizumii  |Rhinolophus minor  |Rhinolophus monoceros  |Rhinolophus perditus  |Rhinolophus pumilus,LC,YES,Insectivore,3.99E+12,3989176.6,5.15,-0.810549371,facultative,cave_roosting,"1,126",11,18,29,2,2,4,0.5,52,41,NA,28,8
Rhinolophus_rex,Rhinolophus_rex,Rhinolophus_rex,Rhinolophus_rex,RHINOLOPHIDAE,,LC,YES,Insectivore,53009601097,53009.6011,NA,NA,facultative,cave_roosting,"1,109",1,0,1,1,0,1,1,21,18,1,2,2
Rhinolophus_rouxii,Rhinolophus_rouxii,Rhinolophus_rouxii,Rhinolophus_rouxii,RHINOLOPHIDAE,Rhinolophus cinerascens  |Rhinolophus fulvidus  |Rhinolophus petersii  |Rhinolophus rammanika  |Rhinolophus rouxi  |Rhinolophus rubidus,LC,YES,Insectivore,8.69E+11,868678.9722,12.25,0.194999178,facultative,cave_roosting,126,2,56,58,1,1,2,0.5,39,30,NA,15,1
Rhinolophus_shameli,Rhinolophus_shameli,Rhinolophus_shameli,Rhinolophus_shameli,RHINOLOPHIDAE,,LC,YES,Insectivore,7.71E+11,770589.3203,9.61,-0.050102825,facultative,cave_roosting,142,1,0,1,1,0,1,1,36,30,NA,2,2
Rhinolophus_sinicus,Rhinolophus_sinicus,Rhinolophus_sinicus,Rhinolophus_sinicus,RHINOLOPHIDAE,Rhinolophus rouxii subspecies sinicus,LC,YES,Insectivore,2.18E+12,2177356.554,11.78181818,0.156030752,facultative,cave_roosting,123,22,0,22,1,1,2,0.5,44,35,NA,18,7
Antrozous_pallidus,Antrozous_pallidus,Antrozous_pallidus,Antrozous_pallidus,VESPERTILIONIDAE,NA,LC,YES,Insectivore,4.38E+12,4379351.602,22.24,0.792808347,facultative,cave_roosting,2,29,0,29,1,0,1,1,52,42,2,60,60
Barbastella_barbastellus,Barbastella_barbastellus,Barbastella_barbastellus,Barbastella_barbastellus,VESPERTILIONIDAE,NA,NT,YES,Insectivore,3.81E+12,3805495.798,8.31,-0.186618543,facultative,cave_roosting,"1,79",13,0,13,1,1,2,0.5,20,19,NA,13,13
Corynorhinus_townsendii,Corynorhinus_townsendii,Corynorhinus_townsendii,Corynorhinus_townsendii,VESPERTILIONIDAE,Plecotus townsendii,LC,YES,Insectivore,4.61E+12,4605278.218,10.3,0.028898396,facultative,cave_roosting,"1,28",4,3,7,1,0,1,1,58,46,5,60,60
Eptesicus_furinalis,Eptesicus_furinalis,Eptesicus_furinalis,Eptesicus_furinalis,VESPERTILIONIDAE,NA,LC,YES,Insectivore,1.64E+13,16386735.74,7.7,-0.25084592,facultative,cave_roosting,"1,42",8,0,8,1,0,1,1,81,50,NA,60,60
Eptesicus_fuscus,Eptesicus_fuscus,Eptesicus_fuscus,Eptesicus_fuscus,VESPERTILIONIDAE,NA,LC,YES,Insectivore,1.28E+13,12815434.93,17.49,0.56956304,facultative,cave_roosting,"1,34",434,0,434,2,3,5,0.4,85,58,6,77,60
Eptesicus_serotinus,Eptesicus_serotinus,Eptesicus_serotinus,Eptesicus_serotinus,VESPERTILIONIDAE,Eptesicus isabellinus  |Eptesicus isabellinus  |Eptesicus isabellinus,LC,YES,Insectivore,1.21E+13,12129638.89,23.09,0.847333374,facultative,cave_roosting,1,59,9,68,3,0,3,1,63,54,NA,21,21
Euderma_maculatum,Euderma_maculatum,Euderma_maculatum,Euderma_maculatum,VESPERTILIONIDAE,NA,LC,YES,Insectivore,2.11E+12,2108364.173,16.17,0.479533753,facultative,cave_roosting,"1,32",5,0,5,1,0,1,1,30,26,NA,60,60
Histiotus_montanus,Histiotus_montanus,Histiotus_montanus,Histiotus_montanus,VESPERTILIONIDAE,NA,LC,YES,Insectivore,3.30E+12,3302461.49,15.94,0.466123937,facultative,cave_roosting,159,4,0,4,1,0,1,1,63,38,NA,60,60
Histiotus_velatus,Histiotus_velatus,Histiotus_velatus,Histiotus_velatus,VESPERTILIONIDAE,NA,DD,YES,Insectivore,3.15E+12,3154911.785,11.32,0.123863336,facultative,cave_roosting,160,5,0,5,0,1,1,0,53,NA,NA,21,0
Lasionycteris_noctivagans,Lasionycteris_noctivagans,Lasionycteris_noctivagans,Lasionycteris_noctivagans,VESPERTILIONIDAE,NA,LC,YES,Insectivore,1.01E+13,10115506.4,11.02,0.090627682,facultative,cave_roosting,"1,45",38,0,38,1,0,1,1,44,39,NA,60,60
Lasiurus_borealis,Lasiurus_borealis,Lasiurus_borealis,Lasiurus_borealis,VESPERTILIONIDAE,NA,LC,YES,Insectivore,4.88E+12,4882211.063,12.33,0.23371226,facultative,cave_roosting,"1,46",29,0,29,1,0,1,1,38,34,NA,60,60
Lasiurus_cinereus,Lasiurus_cinereus,Lasiurus_cinereus,Lasiurus_cinereus,VESPERTILIONIDAE,NA,LC,YES,Insectivore,2.11E+13,21099618.64,27.06,1.017920085,facultative,cave_roosting,"1,47",40,0,40,2,0,2,1,93,61,NA,60,60
Murina_leucogaster,Murina_leucogaster,Murina_leucogaster,Murina_leucogaster,VESPERTILIONIDAE,Murina leucogastra  |Murina rubex,LC,YES,Insectivore,1.82E+12,1815211.103,7.54,-0.281419271,facultative,cave_roosting,126,13,0,13,1,1,2,0.5,43,35,1,14,0
Myotis_austroriparius,Myotis_austroriparius,Myotis_austroriparius,Myotis_austroriparius,VESPERTILIONIDAE,NA,LC,YES,Insectivore,8.35E+11,835048.7506,7.35,-0.207626176,facultative,cave_roosting,53,5,0,5,0,1,1,0,13,NA,4,21,0
Myotis_blythii,Myotis_blythii,Myotis_blythii,Myotis_blythii,VESPERTILIONIDAE,Myotis oxygnathus  |Myotis oxygnathus  |Myotis oxygnathus,LC,YES,Insectivore,6.20E+12,6202990.552,23.82,0.974192913,facultative,cave_roosting,1,9,5,14,2,0,2,1,47,40,NA,12,12
Myotis_californicus,Myotis_californicus,Myotis_californicus,Myotis_californicus,VESPERTILIONIDAE,NA,LC,YES,Insectivore,3.99E+12,3994121.297,4.39,-0.720349174,facultative,cave_roosting,"1,54",6,0,6,1,0,1,1,59,45,1,60,60
Myotis_chiloensis,Myotis_chiloensis,Myotis_chiloensis,Myotis_chiloensis,VESPERTILIONIDAE,NA,LC,YES,Insectivore,5.03E+11,503071.8736,8.41,-0.072905015,facultative,cave_roosting,153,1,0,1,1,0,1,1,4,4,NA,60,60
Myotis_dasycneme,Myotis_dasycneme,Myotis_dasycneme,Myotis_dasycneme,VESPERTILIONIDAE,NA,NT,YES,Insectivore,5.44E+12,5436064.614,15.16,0.516333891,facultative,cave_roosting,1,10,0,10,2,0,2,1,16,16,NA,13,13
Myotis_daubentonii,Myotis_daubentonii,Myotis_daubentonii,Myotis_daubentonii,VESPERTILIONIDAE,NA,LC,YES,Insectivore,1.46E+13,14635130.45,7.63,-0.168944444,facultative,cave_roosting,"1,55",66,0,66,2,1,3,0.666666667,35,30,NA,25,13
Myotis_evotis,Myotis_evotis,Myotis_evotis,Myotis_evotis,VESPERTILIONIDAE,Myotis milleri,LC,YES,Insectivore,3.16E+12,3164884.768,6.91,-0.263135441,facultative,cave_roosting,"1,56",6,0,6,1,0,1,1,24,21,NA,60,60
Myotis_grisescens,Myotis_grisescens,Myotis_grisescens,Myotis_grisescens,VESPERTILIONIDAE,NA,NT,YES,Insectivore,8.55E+11,854748.4417,10.84,0.180916507,facultative,cave_roosting,"1,57",7,0,7,1,0,1,1,14,13,2,60,60
Myotis_horsfieldii,Myotis_horsfieldii,Myotis_horsfieldii,Myotis_horsfieldii,VESPERTILIONIDAE,,LC,YES,Insectivore,2.58E+12,2576798.887,6.05,-0.402268217,facultative,cave_roosting,"1,129",2,0,2,1,0,1,1,46,37,NA,NA,NA
Myotis_keenii,Myotis_keenii,Myotis_keenii,Myotis_keenii,VESPERTILIONIDAE,NA,LC,YES,Insectivore,1.09E+11,109286.7927,6.51,-0.321946154,facultative,cave_roosting,"1,58",3,0,3,1,2,3,0.333333333,10,9,5,64,60
Myotis_leibii,Myotis_leibii,Myotis_leibii,Myotis_leibii,VESPERTILIONIDAE,NA,LC,YES,Insectivore,1.42E+12,1424638.309,5.22,-0.547180999,facultative,cave_roosting,"1,59",0,0,0,1,0,1,1,14,13,6,60,60
Myotis_lucifugus,Myotis_lucifugus,Myotis_lucifugus,Myotis_lucifugus,VESPERTILIONIDAE,NA,LC,YES,Insectivore,1.20E+13,12031523.89,7.8,-0.148202755,facultative,cave_roosting,"1,61",319,0,319,2,3,5,0.4,29,26,6,77,60
Myotis_macrodactylus,Myotis_macrodactylus,Myotis_macrodactylus,Myotis_macrodactylus,VESPERTILIONIDAE,Myotis macrodactylus subspecies continentalis|Myotis macrodactylus subspecies insularis,LC,YES,Insectivore,6.83E+11,683485.7531,7.48,-0.188799498,facultative,cave_roosting,178,6,0,6,0,1,1,0,6,NA,NA,14,0
Myotis_myotis,Myotis_myotis,Myotis_myotis,Myotis_myotis,VESPERTILIONIDAE,NA,LC,YES,Insectivore,3.87E+12,3874963.764,25.59,1.045869,facultative,cave_roosting,162,157,0,157,2,0,2,1,21,20,NA,13,13
Myotis_mystacinus,Myotis_mystacinus,Myotis_mystacinus,Myotis_mystacinus,VESPERTILIONIDAE,NA,LC,YES,Insectivore,4.97E+12,4969174.154,9.1935,0.016339124,facultative,cave_roosting,1,15,0,15,1,1,2,0.5,19,18,6,14,0
Myotis_nattereri,Myotis_nattereri,Myotis_nattereri,Myotis_nattereri,VESPERTILIONIDAE,Myotis escalerae  |Myotis escalerae  |Myotis escalerae,LC,YES,Insectivore,5.86E+12,5864581.856,7.25,-0.216320137,facultative,cave_roosting,1,32,0,32,3,0,3,1,21,20,NA,13,13
Myotis_nigricans,Myotis_nigricans,Myotis_nigricans,Myotis_nigricans,VESPERTILIONIDAE,NA,LC,YES,Insectivore,1.45E+13,14467154.14,3.7,-0.893824768,facultative,cave_roosting,13,24,0,24,2,1,3,0.666666667,82,51,13,68,63
Myotis_septentrionalis,Myotis_septentrionalis,Myotis_septentrionalis,Myotis_septentrionalis,VESPERTILIONIDAE,NA,LC,YES,Insectivore,4.94E+12,4944309.5,9.1935,0.023211102,facultative,cave_roosting,62,16,0,16,1,3,4,0.25,19,17,5,72,60
Myotis_thysanodes,Myotis_thysanodes,Myotis_thysanodes,Myotis_thysanodes,VESPERTILIONIDAE,NA,LC,YES,Insectivore,3.48E+12,3480868.905,8.49,-0.058432606,facultative,cave_roosting,14,8,0,8,0,1,1,0,57,NA,6,21,0
Myotis_velifer,Myotis_velifer,Myotis_velifer,Myotis_velifer,VESPERTILIONIDAE,NA,LC,YES,Insectivore,1.96E+12,1961509.639,9.82,0.082094633,facultative,cave_roosting,15,23,0,23,1,0,1,1,60,45,13,60,60
Myotis_volans,Myotis_volans,Myotis_volans,Myotis_volans,VESPERTILIONIDAE,NA,LC,YES,Insectivore,4.72E+12,4717143.878,8.71,-0.037854698,facultative,cave_roosting,63,8,0,8,0,1,1,0,50,NA,NA,21,0
Myotis_yumanensis,Myotis_yumanensis,Myotis_yumanensis,Myotis_yumanensis,VESPERTILIONIDAE,NA,LC,YES,Insectivore,4.07E+12,4071452.128,5.15,-0.563329774,facultative,cave_roosting,1,8,0,8,2,0,2,1,47,38,2,60,60
Nyctalus_noctula,Nyctalus_noctula,Nyctalus_noctula,Nyctalus_noctula,VESPERTILIONIDAE,NA,LC,YES,Insectivore,7.20E+12,7203769.545,28.48,1.040117964,facultative,cave_roosting,"1,135",42,0,42,6,0,6,1,20,19,NA,82,82
Nycticeius_humeralis,Nycticeius_humeralis,Nycticeius_humeralis,Nycticeius_humeralis,VESPERTILIONIDAE,NA,LC,YES,Insectivore,2.89E+12,2889393.006,9.12,-0.098614318,facultative,cave_roosting,65,9,0,9,1,0,1,1,43,39,3,60,60
Pipistrellus_abramus,Pipistrellus_abramus,Pipistrellus_abramus,Pipistrellus_abramus,VESPERTILIONIDAE,Vespertilio irretilus  |Vespertilio pumiloides  |Vspertilio akokomuli,LC,YES,Insectivore,3.85E+12,3854526.261,5.87,-0.52382793,facultative,cave_roosting,145,25,0,25,0,1,1,0,44,NA,NA,14,0
Pipistrellus_ceylonicus,Pipistrellus_ceylonicus,Pipistrellus_ceylonicus,Pipistrellus_ceylonicus,VESPERTILIONIDAE,Pipistrellus ceylonicus subspecies chrysothrix|Pipistrellus ceylonicus subspecies subcanus|Pipistrellus chrysothrix  |Scotophilus ceylonicus  |Vesperugo indicus,LC,YES,Insectivore,2.30E+12,2300974.462,8.05,-0.210763644,facultative,cave_roosting,144,1,0,1,0,1,1,0,44,NA,NA,3,0
Pipistrellus_coromandra,Pipistrellus_coromandra,Pipistrellus_coromandra,Pipistrellus_coromandra,VESPERTILIONIDAE,,LC,YES,Insectivore,3.67E+12,3673638.987,4.6,-0.76762626,facultative,cave_roosting,144,1,0,1,1,0,1,1,51,41,NA,1,1
Pipistrellus_hesperus,Pipistrellus_hesperus,Pipistrellus_hesperus,Pipistrellus_hesperus,VESPERTILIONIDAE,Parastrellus hesperus,LC,YES,Insectivore,2.66E+12,2664115.449,3.56,-1.039323577,facultative,cave_roosting,1,7,0,7,1,0,1,1,51,41,NA,60,60
Pipistrellus_kuhlii,Pipistrellus_kuhlii,Pipistrellus_kuhlii,Pipistrellus_kuhlii,VESPERTILIONIDAE,NA,LC,YES,Insectivore,1.09E+13,10928979.37,6.07,-0.49307713,facultative,cave_roosting,1,15,0,15,1,1,2,0.5,34,29,NA,12,0
Pipistrellus_nathusii,Pipistrellus_nathusii,Pipistrellus_nathusii,Pipistrellus_nathusii,VESPERTILIONIDAE,NA,LC,YES,Insectivore,5.88E+12,5884044.856,7.44,-0.28770411,facultative,cave_roosting,1,12,0,12,2,0,2,1,18,17,NA,13,13
Pipistrellus_pipistrellus,Pipistrellus_pipistrellus,Pipistrellus_pipistrellus,Pipistrellus_pipistrellus,VESPERTILIONIDAE,NA,LC,YES,Insectivore,1.15E+13,11507786.8,5.3,-0.626868138,facultative,cave_roosting,"1,133",88,0,88,5,2,7,0.714285714,59,51,1,31,23
Pipistrellus_subflavus,Pipistrellus_subflavus,Pipistrellus_subflavus,Pipistrellus_subflavus,VESPERTILIONIDAE,NA,LC,YES,Insectivore,4.27E+12,4272541.152,5.74,-0.561624912,facultative,cave_roosting,"1,69",19,0,19,1,0,1,1,63,46,7,60,60
Plecotus_auritus,Plecotus_auritus,Plecotus_auritus,Plecotus_auritus,VESPERTILIONIDAE,NA,LC,YES,Insectivore,6.52E+12,6524503.411,8.19,-0.200331602,facultative,cave_roosting,"1,133",38,0,38,1,1,2,0.5,18,17,NA,26,13
Scotophilus_kuhlii,Scotophilus_kuhlii,Scotophilus_kuhlii,Scotophilus_kuhlii,VESPERTILIONIDAE,Scotophilus fulvus  |Scotophilus kuhlii subspecies wroughtoni|Scotophilus temmincki subspecies wroughtoni|Scotophilus wroughtoni,LC,YES,Insectivore,5.25E+12,5254460.716,20.31,0.707310552,facultative,cave_roosting,1,10,0,10,4,4,8,0.5,56,45,NA,51,24
Vespertilio_murinus,Vespertilio_murinus,Vespertilio_murinus,Vespertilio_murinus,VESPERTILIONIDAE,NA,LC,YES,Insectivore,1.57E+13,15695061.61,15.42,0.430973344,facultative,cave_roosting,"1,37",9,0,9,4,0,4,1,25,21,NA,80,80
Vespertilio_sinensis,Vespertilio_sinensis,Vespertilio_sinensis,Vespertilio_sinensis,VESPERTILIONIDAE,Vespertilio andersoni  |Vespertilio aurijunctus  |Vespertilio montanus  |Vespertilio motoyoshii  |Vespertilio namyiei  |Vespertilio orientalis  |Vespertilio superans,LC,YES,Insectivore,1.57E+12,1566752.867,24.3,0.885784326,facultative,cave_roosting,76,2,6,8,1,0,1,1,22,19,NA,8,8
Diclidurus_albus,Diclidurus_albus,Diclidurus_albus,Diclidurus_albus,EMBALLONURIDAE,NA,LC,YES,Insectivore,1.26E+13,12574723.77,16.56,-0.320781689,non,non_cave,33,0,0,0,1,0,1,1,79,48,NA,60,60
Saccolaimus_flaviventris,Saccolaimus_flaviventris,Saccolaimus_flaviventris,Saccolaimus_flaviventris,EMBALLONURIDAE,Taphazous affinis subspecies insignis|Taphazous hargravei,LC,YES,Insectivore,6.08E+12,6078598.995,45.25,0.686921047,non,non_cave,141,3,0,3,1,0,1,1,12,9,NA,5,5
Cynomops_abrasus,Cynomops_abrasus,Cynomops_abrasus,Cynomops_abrasus,MOLOSSIDAE,Molossops abrasus,DD,YES,Insectivore,9.96E+12,9956845.564,35.39,0.790972413,non,non_cave,188,2,2,4,1,0,1,1,63,37,NA,60,60
Cynomops_planirostris,Cynomops_planirostris,Cynomops_planirostris,Cynomops_planirostris,MOLOSSIDAE,Molossops planirostris,LC,YES,Insectivore,1.15E+13,11520267.59,12.84,-0.222891583,non,non_cave,120,1,1,2,0,1,1,0,64,NA,NA,21,0
Eumops_auripendulus,Eumops_auripendulus,Eumops_auripendulus,Eumops_auripendulus,MOLOSSIDAE,NA,LC,YES,Insectivore,1.42E+13,14192611.51,28.49,0.579131617,non,non_cave,"1,24",2,0,2,1,0,1,1,74,44,NA,60,60
Eumops_glaucinus,Eumops_glaucinus,Eumops_glaucinus,Eumops_glaucinus,MOLOSSIDAE,NA,LC,YES,Insectivore,9.03E+12,9026455.107,36.2,0.818637587,non,non_cave,"1,25",5,0,5,1,0,1,1,64,38,NA,60,60
Eumops_patagonicus,Eumops_patagonicus,Eumops_patagonicus,Eumops_patagonicus,MOLOSSIDAE,NA,LC,YES,Insectivore,1.54E+12,1541776.54,38.55333333,0.882036607,non,non_cave,26,1,0,1,1,0,1,1,45,32,NA,60,60
Molossops_neglectus,Molossops_neglectus,Molossops_neglectus,Molossops_neglectus,MOLOSSIDAE,NA,DD,YES,Insectivore,3.90E+12,3903443.365,6.91,-0.843133542,non,non_cave,191,1,0,1,0,1,1,0,61,NA,NA,21,0
Tadarida_pumila,Chaerephon_pumilus,Chaerephon_pumilus,Chaerephon_pumilus,MOLOSSIDAE,Chaerephon leucogaster  |Chaerephon pumila  |Chaerephon pumilus  |Chaerephon pusillus  |Tadarida leucogaster  |Tadarida pusilla,LC,YES,Insectivore,7.28E+12,7284771.437,10.98,-0.377133857,non,non_cave,80,2,5,7,4,3,7,0.571428571,27,23,NA,28,8
Artibeus_cinereus,Dermanura_cinerea,Dermanura_cinerea,Artibeus_cinereus,PHYLLOSTOMIDAE,Dermanura_cinerea,LC,YES,Frugivore,4.35E+12,4346843.33,12.7,-0.507823794,non,non_cave,"1,115",0,3,3,0,4,4,0,58,NA,NA,40,0
Artibeus_obscurus,Artibeus_obscurus,Artibeus_obscurus,Artibeus_obscurus,PHYLLOSTOMIDAE,,LC,YES,Frugivore,1.12E+13,11191603.35,35.6,0.522069835,non,non_cave,"1,90",6,0,6,1,0,1,1,61,35,NA,2,2
Artibeus_phaeotis,Dermanura_phaeotis,Dermanura_phaeotis,Artibeus_phaeotis,PHYLLOSTOMIDAE,Dermanura phaotis,LC,YES,Frugivore,3.76E+12,3761064.853,11.69,-0.590582482,non,non_cave,39,1,0,1,1,5,6,0.166666667,75,47,NA,42,4
Artibeus_planirostris,Artibeus_planirostris,Artibeus_planirostris,Artibeus_planirostris,PHYLLOSTOMIDAE,NA,LC,YES,Frugivore,7.95E+12,7952207.556,43.63,0.725469185,non,non_cave,21,23,0,23,1,0,1,1,61,35,NA,60,60
Lophostoma_silvicolum,Lophostoma_silvicolum,Lophostoma_silvicolum,Lophostoma_silvicolum,PHYLLOSTOMIDAE,Tonatia silvicola,LC,YES,Other,7.74E+12,7740829.253,32.29,0.439645819,non,non_cave,106,2,0,2,0,2,2,0,66,NA,NA,8,0
Mimon_crenulatum,Mimon_crenulatum,Mimon_crenulatum,Mimon_crenulatum,PHYLLOSTOMIDAE,NA,LC,YES,Insectivore,1.12E+13,11206234.59,13.91,-0.402332954,non,non_cave,"1,88",4,0,4,0,1,1,0,66,NA,NA,11,0
Sturnira_tildae,Sturnira_tildae,Sturnira_tildae,Sturnira_tildae,PHYLLOSTOMIDAE,NA,LC,YES,Frugivore,1.07E+13,10727081.64,24.39,0.149182669,non,non_cave,137,0,0,0,0,1,1,0,62,NA,NA,15,0
Uroderma_bilobatum,Uroderma_bilobatum,Uroderma_bilobatum,Uroderma_bilobatum,PHYLLOSTOMIDAE,,LC,YES,Frugivore,1.29E+13,12874009.51,16.28,-0.257491542,non,non_cave,38,9,0,9,3,2,5,0.6,73,43,NA,70,62
Vampyrodes_caraccioli,Vampyrodes_caraccioli,Vampyrodes_caraccioli,Vampyrodes_caraccioli,PHYLLOSTOMIDAE,NA,LC,YES,Frugivore,7.37E+12,7371933.826,35.89,0.532818816,non,non_cave,74,1,0,1,0,2,2,0,59,NA,NA,8,0
Eidolon_helvum,Eidolon_helvum,Eidolon_helvum,Eidolon_helvum,PTEROPODIDAE,Eidolon helvum subspecies sabaeum,NT,YES,Frugivore,1.19E+13,11875972.2,254.61,0.34450486,non,non_cave,22,80,0,80,4,14,18,0.222222222,24,23,NA,50,10
Epomophorus_gambianus,Epomophorus_gambianus,Epomophorus_gambianus,Epomophorus_gambianus,PTEROPODIDAE,Epomophorus gambianus subspecies pousarguesi,LC,YES,Frugivore,3.82E+12,3815200.776,134.59,-0.353153176,non,non_cave,23,5,0,5,0,4,4,0,20,NA,NA,18,0
Epomophorus_labiatus,Epomophorus_labiatus,Epomophorus_labiatus,Epomophorus_labiatus,PTEROPODIDAE,Epomophorus minor,LC,YES,Frugivore,1.78E+12,1776388.275,69.65,-1.011903596,non,non_cave,150,0,0,0,1,1,2,0.5,21,20,NA,4,2
Epomophorus_wahlbergi,Epomophorus_wahlbergi,Epomophorus_wahlbergi,Epomophorus_wahlbergi,PTEROPODIDAE,NA,LC,YES,Frugivore,5.03E+12,5031322.06,93.59,-0.716230257,non,non_cave,31,13,0,13,1,0,1,1,20,20,NA,5,5
Epomops_dobsonii,Epomops_dobsonii,Epomops_dobsonii,Epomops_dobsonii,PTEROPODIDAE,Epomops dobsoni,LC,YES,Frugivore,1.38E+12,1375331.419,122.08,-0.447327851,non,non_cave,152,0,0,0,1,0,1,1,20,20,NA,5,5
Epomops_franqueti,Epomops_franqueti,Epomops_franqueti,Epomops_franqueti,PTEROPODIDAE,NA,LC,YES,Frugivore,4.54E+12,4538839.981,118.99,-0.472964962,non,non_cave,152,8,0,8,3,1,4,0.75,22,21,NA,10,10
Hypsignathus_monstrosus,Hypsignathus_monstrosus,Hypsignathus_monstrosus,Hypsignathus_monstrosus,PTEROPODIDAE,NA,LC,YES,Frugivore,2.88E+12,2879295.849,336.97,0.569499124,non,non_cave,"1,44",11,0,11,1,5,6,0.166666667,22,21,NA,21,5
Macroglossus_minimus,Macroglossus_minimus,Macroglossus_minimus,Macroglossus_minimus,PTEROPODIDAE,NA,LC,YES,Frugivore,3.61E+12,3613476.881,16.3,-2.237781498,non,non_cave,1,5,0,5,1,0,1,1,43,31,NA,1,1
Micropteropus_pusillus,Micropteropus_pusillus,Micropteropus_pusillus,Micropteropus_pusillus,PTEROPODIDAE,NA,LC,YES,Frugivore,5.42E+12,5415408.706,25.38,-2.020959824,non,non_cave,51,6,0,6,3,0,3,1,22,21,NA,12,12
Myonycteris_torquata,Myonycteris_torquata,Myonycteris_torquata,Myonycteris_torquata,PTEROPODIDAE,NA,LC,YES,Frugivore,3.67E+12,3674301.243,44.92,-1.379210931,non,non_cave,149,7,0,7,1,0,1,1,21,20,NA,5,5
Pteropus_admiralitatum,Pteropus_admiralitatum,Pteropus_admiralitatum,Pteropus_admiralitatum,PTEROPODIDAE,NA,LC,YES,Frugivore,76333114678,76333.11468,306.46,0.54022113,non,non_cave,82,0,0,0,0,1,1,0,10,NA,NA,8,0
Pteropus_alecto,Pteropus_alecto,Pteropus_alecto,Pteropus_alecto,PTEROPODIDAE,NA,LC,YES,Frugivore,1.36E+12,1362104.603,610.13,1.228805938,non,non_cave,1,62,0,62,4,6,10,0.4,28,22,NA,46,6
Pteropus_capistratus,Pteropus_capistratus,Pteropus_capistratus,Pteropus_capistratus,PTEROPODIDAE,NA,NT,YES,Frugivore,44463566420,44463.56642,638.555,1.2743417,non,non_cave,83,0,0,0,0,1,1,0,11,NA,NA,8,0
Pteropus_conspicillatus,Pteropus_conspicillatus,Pteropus_conspicillatus,Pteropus_conspicillatus,PTEROPODIDAE,NA,LC,YES,Frugivore,2.21E+11,220982.3483,760.71,1.449386097,non,non_cave,84,15,0,15,2,1,3,0.666666667,16,11,NA,5,5
Pteropus_giganteus,Pteropus_giganteus,Pteropus_giganteus,Pteropus_giganteus,PTEROPODIDAE,Pteropus ariel  |Pteropus assamensis  |Pteropus edwardsi  |Pteropus kelaarti  |Pteropus leucocephalus  |Pteropus medius  |Pteropus ruvicollis  |Vespertilio gigantea,LC,YES,Frugivore,4.02E+12,4021279.429,824.85,1.512788707,non,non_cave,85,52,2,54,8,2,10,0.8,41,33,NA,8,8
Pteropus_hypomelanus,Pteropus_hypomelanus,Pteropus_hypomelanus,Pteropus_hypomelanus,PTEROPODIDAE,Pteropus annectens  |Pteropus cagayanus  |Pteropus canus  |Pteropus condorensis  |Pteropus enganus  |Pteropus fretensis  |Pteropus geminorum  |Pteropus lepidus  |Pteropus luteus  |Pteropus macassaricus  |Pteropus maris  |Pteropus robinsoni  |Pteropus satyrus  |Pteropus simalurus  |Pteropus tomesi  |Pteropus tricolor  |Pteropus vulcanius,LC,YES,Frugivore,5.28E+11,527562.7497,435.61,0.891881237,non,non_cave,1,29,0,29,3,2,5,0.6,32,23,NA,21,8
Pteropus_lylei,Pteropus_lylei,Pteropus_lylei,Pteropus_lylei,PTEROPODIDAE,NA,VU,YES,Frugivore,1.07E+11,107483.5989,319.75,0.565126596,non,non_cave,86,9,0,9,1,4,5,0.2,37,32,NA,11,6
Pteropus_neohibernicus,Pteropus_neohibernicus,Pteropus_neohibernicus,Pteropus_neohibernicus,PTEROPODIDAE,NA,LC,YES,Frugivore,6.77E+11,676990.8644,1017.37,1.740110034,non,non_cave,1,1,0,1,0,1,1,0,15,NA,NA,8,0
Pteropus_poliocephalus,Pteropus_poliocephalus,Pteropus_poliocephalus,Pteropus_poliocephalus,PTEROPODIDAE,NA,VU,YES,Frugivore,2.50E+11,250190.94,702.78,1.370177788,non,non_cave,1,56,0,56,5,0,5,1,5,4,NA,67,67
Pteropus_rufus,Pteropus_rufus,Pteropus_rufus,Pteropus_rufus,PTEROPODIDAE,NA,VU,YES,Frugivore,1.86E+11,186407.526,535.32,1.097998588,non,non_cave,87,11,0,11,0,5,5,0,4,NA,NA,31,0
Pteropus_scapulatus,Pteropus_scapulatus,Pteropus_scapulatus,Pteropus_scapulatus,PTEROPODIDAE,NA,LC,YES,Frugivore,3.05E+12,3047531.831,380.35,0.756225771,non,non_cave,1,21,0,21,2,5,7,0.285714286,10,8,NA,45,5
Pteropus_vampyrus,Pteropus_vampyrus,Pteropus_vampyrus,Pteropus_vampyrus,PTEROPODIDAE,Pteropus caninus  |Pteropus celaeno  |Pteropus edulis  |Pteropus funereus  |Pteropus javanicus  |Pteropus kalou  |Pteropus kelaarti  |Pteropus kopangi  |Pteropus lanensis  |Pteropus malaccensis  |Pteropus natunae  |Pteropus nudus  |Pteropus phaiops  |Pteropus pluton  |Pteropus pteronotus  |Pteropus sumatrensis,NT,YES,Frugivore,1.95E+12,1953294.124,1027.54,1.73251003,non,non_cave,1,41,0,41,1,1,2,0.5,38,31,NA,6,6
Syconycteris_australis,Syconycteris_australis,Syconycteris_australis,Syconycteris_australis,PTEROPODIDAE,NA,LC,YES,Frugivore,1.06E+12,1060912.371,17.6,-2.161047704,non,non_cave,"1,81",4,0,4,1,0,1,1,19,12,NA,NA,NA
Eptesicus_brasiliensis,Eptesicus_brasiliensis,Eptesicus_brasiliensis,Eptesicus_brasiliensis,VESPERTILIONIDAE,NA,LC,YES,Insectivore,1.32E+13,13198348.45,9.2,-0.072862765,non,non_cave,120,2,0,2,1,0,1,1,79,49,NA,60,60
Eptesicus_diminutus,Eptesicus_diminutus,Eptesicus_diminutus,Eptesicus_diminutus,VESPERTILIONIDAE,NA,LC,YES,Insectivore,2.40E+12,2397137.926,5.99,-0.501974837,non,non_cave,189,1,0,1,1,0,1,1,61,36,NA,60,60
Glauconycteris_argentata,Glauconycteris_argentata,Glauconycteris_argentata,Glauconycteris_argentata,VESPERTILIONIDAE,Chalinolobus argentatus,LC,YES,Insectivore,4.02E+12,4022325.468,9.3,-0.079069722,non,non_cave,96,0,1,1,1,0,1,1,21,21,NA,5,5
Lasiurus_blossevillii,Lasiurus_blossevillii,Lasiurus_blossevillii,Lasiurus_blossevillii,VESPERTILIONIDAE,NA,LC,YES,Insectivore,1.84E+13,18443089.11,16.886,0.548161819,non,non_cave,147,3,0,3,1,0,1,1,87,56,NA,60,60
Lasiurus_ega,Lasiurus_ega,Lasiurus_ega,Lasiurus_ega,VESPERTILIONIDAE,NA,LC,YES,Insectivore,1.33E+13,13279943.62,12.2,0.221735027,non,non_cave,"1,48",6,0,6,1,0,1,1,81,50,NA,60,60
Lasiurus_egregius,Lasiurus_egregius,Lasiurus_egregius,Lasiurus_egregius,VESPERTILIONIDAE,NA,DD,YES,Insectivore,1.33E+12,1330876.409,17.41,0.57473016,non,non_cave,,0,0,0,0,1,1,0,62,NA,NA,21,0
Lasiurus_intermedius,Lasiurus_intermedius,Lasiurus_intermedius,Lasiurus_intermedius,VESPERTILIONIDAE,NA,LC,YES,Insectivore,1.76E+12,1756266.009,22.96,0.852888693,non,non_cave,"1,49",1,0,1,1,0,1,1,65,47,NA,60,60
Lasiurus_seminolus,Lasiurus_seminolus,Lasiurus_seminolus,Lasiurus_seminolus,VESPERTILIONIDAE,NA,LC,YES,Insectivore,1.20E+12,1196671.751,9.88,0.012137693,non,non_cave,50,1,0,1,1,0,1,1,21,19,NA,60,60
Lasiurus_xanthinus,Lasiurus_xanthinus,Lasiurus_xanthinus,Lasiurus_xanthinus,VESPERTILIONIDAE,NA,LC,YES,Insectivore,1.74E+12,1744145.14,16.886,0.546783952,non,non_cave,148,0,0,0,1,0,1,1,50,39,NA,60,60
Murina_aurata,Murina_aurata,Murina_aurata,Murina_aurata,VESPERTILIONIDAE,Murina aurita,LC,YES,Insectivore,3.15E+11,314718.1455,4.27,-0.850027626,non,non_cave,193,0,0,0,1,0,1,1,40,33,NA,8,8
Myotis_albescens,Myotis_albescens,Myotis_albescens,Myotis_albescens,VESPERTILIONIDAE,NA,LC,YES,Insectivore,1.47E+13,14681592.29,5.69,-0.463616241,non,non_cave,52,4,0,4,0,1,1,0,72,NA,NA,21,0
Myotis_levis,Myotis_levis,Myotis_levis,Myotis_levis,VESPERTILIONIDAE,NA,LC,YES,Insectivore,1.40E+12,1398282.021,5.49,-0.499398233,non,non_cave,196,3,0,3,0,1,1,0,46,NA,NA,21,0
Myotis_riparius,Myotis_riparius,Myotis_riparius,Myotis_riparius,VESPERTILIONIDAE,NA,LC,YES,Insectivore,1.42E+13,14195165.2,4.57,-0.682813284,non,non_cave,199,2,0,2,1,0,1,1,66,39,NA,60,60
Philetor_brachypterus,Philetor_brachypterus,Philetor_brachypterus,Philetor_brachypterus,VESPERTILIONIDAE,Vespertilio brachypterus,LC,YES,Insectivore,1.33E+12,1325800.193,12,0.175822528,non,non_cave,126,0,0,0,0,1,1,0,45,NA,NA,7,0
Rhogeessa_parvula,Rhogeessa_parvula,Rhogeessa_parvula,Rhogeessa_parvula,VESPERTILIONIDAE,NA,LC,YES,Insectivore,4.51E+11,451152.8605,4.37,-0.834321113,non,non_cave,,1,0,1,0,1,1,0,49,NA,NA,NA,NA
Scotophilus_nigrita,Scotophilus_nigrita,Scotophilus_nigrita,Scotophilus_nigrita,VESPERTILIONIDAE,Scotophilus nigrita subspecies alvenslebeni,LC,YES,Insectivore,2.21E+12,2211063.68,27.34,1.004548007,non,non_cave,202,0,0,0,1,0,1,1,22,21,NA,3,3
Tylonycteris_pachypus,Tylonycteris_pachypus,Tylonycteris_pachypus,Tylonycteris_pachypus,VESPERTILIONIDAE,Scotophilus fulvidus | Tylonycteris aurex | Tylonycteris rubidus | Vespertilio pachypus ,LC,YES,Insectivore,4.19E+12,4194084.101,4.09,-0.900539152,non,non_cave,111,8,0,8,1,0,1,1,51,40,NA,NA,NA
Vespadelus_pumilus,Vespadelus_pumilus,Vespadelus_pumilus,Vespadelus_pumilus,VESPERTILIONIDAE,Eptesicus pumilus,LC,YES,Insectivore,1.49E+11,149271.5156,5.4,-0.622685168,non,non_cave,110,0,0,0,0,1,1,0,9,NA,NA,2,0
Taphozous_theobaldi,Taphozous_theobaldi,Taphozous_theobaldi,Taphozous_theobaldi,EMBALLONURIDAE,NA,LC,YES,Insectivore,1.05E+12,1047949.041,36.83,0.480504743,obligate,cave_roosting,"1,40",0,0,0,1,0,1,1,49,39,2,2,2
Hipposideros_pratti,Hipposideros_pratti,Hipposideros_pratti,Hipposideros_pratti,HIPPOSIDERIDAE,,LC,YES,Insectivore,2.25E+12,2251718.744,NA,NA,obligate,cave_roosting,124,4,0,4,1,0,1,1,39,33,1,2,2
Miniopterus_magnater,Miniopterus_magnater,Miniopterus_magnater,Miniopterus_magnater,MINIOPTERIDAE,,LC,NO,Insectivore,NA,NA,NA,NA,obligate,cave_roosting,"1,168",6,0,6,2,0,2,1,NA,NA,1,4,4
Natalus_stramineus,Natalus_stramineus,Natalus_stramineus,Natalus_stramineus,NATALIDAE,NA,LC,YES,Insectivore,4083149215,4083.149215,5.68,-1.232233629,obligate,cave_roosting,"1,16",4,0,4,1,0,1,1,7,6,15,4,4
Natalus_tumidirostris,Natalus_tumidirostris,Natalus_tumidirostris,Natalus_tumidirostris,NATALIDAE,Natalus continentis  |Natalus haymani,LC,YES,Insectivore,1.40E+12,1399896.488,6.3,-1.128635229,obligate,cave_roosting,"1,121",1,0,1,0,5,5,0,57,NA,1,25,0
Eonycteris_spelaea,Eonycteris_spelaea,Eonycteris_spelaea,Eonycteris_spelaea,PTEROPODIDAE,Eonycteris bernsteini  |Eonycteris spelaea subspecies glandifera|Eonycteris spelaea subspecies rosenbergii|Eonycteris spelaea subspecies winnyae|Macroglossus spelaeus,LC,YES,Frugivore,3.55E+12,3546184.365,58.7,-0.953464107,obligate,cave_roosting,1,14,0,14,4,4,8,0.5,50,39,9,31,20
Rhinolophus_affinis,Rhinolophus_affinis,Rhinolophus_affinis,Rhinolophus_affinis,RHINOLOPHIDAE,Rhinolophus andamanensis,LC,YES,Insectivore,5.53E+12,5534663.906,13.7,0.304488785,obligate,cave_roosting,1,11,0,11,1,2,3,0.333333333,52,42,6,20,8
Rhinolophus_coelophyllus,Rhinolophus_coelophyllus,Rhinolophus_coelophyllus,Rhinolophus_coelophyllus,RHINOLOPHIDAE,,LC,YES,Insectivore,4.28E+11,428485.9872,7.07,-0.357046568,obligate,cave_roosting,142,0,0,0,1,0,1,1,32,28,NA,4,4
Rhinolophus_pearsonii,Rhinolophus_pearsonii,Rhinolophus_pearsonii,Rhinolophus_pearsonii,RHINOLOPHIDAE,Rhinolophus pearsoni,LC,YES,Insectivore,3.19E+12,3191107.494,11.55,0.133778389,obligate,cave_roosting,"1,126",0,0,0,2,0,2,1,50,40,NA,7,7
Ia_io,Ia_io,Ia_io,Ia_io,VESPERTILIONIDAE,,LC,YES,Insectivore,1.51E+12,1512964.204,49.3,1.588839959,obligate,cave_roosting,"1,104",3,0,3,1,0,1,1,45,39,1,1,1
Myotis_pilosus,Myotis_pilosus,Myotis_pilosus,Myotis_ricketti,VESPERTILIONIDAE,Myotis pilosus  | Myotis ricketti,NT,YES,Insectivore,9.92E+11,991514.0309,9.1935,0.016170224,obligate,cave_roosting,"197,198",1,13,14,1,3,4,0.25,36,31,10,21,4
